"","","Life expectancy at birth (years)","Life expectancy at birth (years)","Life expectancy at birth (years)","Life expectancy at age 60 (years)","Life expectancy at age 60 (years)","Life expectancy at age 60 (years)"
"Country","Year"," Both sexes"," Male"," Female"," Both sexes"," Male"," Female"
"Afghanistan"," 2019","63.2","63.3","63.2","15.2","15.4","15.1"
"Afghanistan"," 2015","61.7","61.0","62.3","15.6","15.7","15.5"
"Afghanistan"," 2010","59.9","59.6","60.3","15.1","15.1","15.2"
"Afghanistan"," 2000","55.0","54.6","55.4","13.9","13.6","14.2"
"Albania"," 2019","78.0","76.3","79.9","21.0","20.2","21.9"
"Albania"," 2015","77.8","76.1","79.7","21.1","20.1","22.2"
"Albania"," 2010","76.2","74.2","78.3","21.3","19.9","22.6"
"Albania"," 2000","73.5","70.7","76.9","19.0","17.1","21.2"
"Algeria"," 2019","77.1","76.2","78.1","22.0","21.5","22.6"
"Algeria"," 2015","76.5","75.6","77.5","21.8","21.3","22.3"
"Algeria"," 2010","75.9","75.0","76.8","21.4","20.9","21.9"
"Algeria"," 2000","72.2","70.9","73.5","19.8","19.4","20.3"
"Angola"," 2019","63.1","60.7","65.5","17.0","15.4","18.6"
"Angola"," 2015","61.7","59.1","64.5","16.7","15.0","18.4"
"Angola"," 2010","58.1","55.8","60.5","16.0","14.4","17.5"
"Angola"," 2000","49.3","46.8","52.1","14.4","12.8","16.0"
"Antigua and Barbuda"," 2019","76.5","74.9","78.0","20.6","19.8","21.3"
"Antigua and Barbuda"," 2015","76.1","74.4","77.8","20.4","19.6","21.2"
"Antigua and Barbuda"," 2010","75.9","73.6","78.2","20.5","19.1","21.8"
"Antigua and Barbuda"," 2000","74.6","72.0","77.0","20.3","19.1","21.3"
"Argentina"," 2019","76.6","73.5","79.5","21.1","18.8","23.1"
"Argentina"," 2015","76.2","72.9","79.3","21.0","18.6","23.0"
"Argentina"," 2010","75.4","72.1","78.6","20.6","18.3","22.7"
"Argentina"," 2000","74.1","70.3","77.8","20.2","17.6","22.5"
"Armenia"," 2019","76.0","72.5","79.2","20.4","18.2","22.1"
"Armenia"," 2015","74.5","70.9","77.8","19.4","17.3","21.2"
"Armenia"," 2010","73.1","69.4","76.6","18.8","16.8","20.5"
"Armenia"," 2000","71.9","68.6","74.9","18.8","17.1","20.2"
"Australia"," 2019","83.0","81.3","84.8","25.6","24.4","26.8"
"Australia"," 2015","82.3","80.4","84.2","25.0","23.7","26.3"
"Australia"," 2010","81.9","79.8","84.0","24.7","23.3","26.1"
"Australia"," 2000","79.7","77.1","82.2","23.1","21.2","24.9"
"Austria"," 2019","81.6","79.4","83.8","24.1","22.4","25.6"
"Austria"," 2015","81.0","78.6","83.3","23.6","21.8","25.2"
"Austria"," 2010","80.4","77.6","83.0","23.4","21.4","25.2"
"Austria"," 2000","78.2","75.1","81.0","22.0","19.7","23.7"
"Azerbaijan"," 2019","71.4","68.8","74.1","17.1","15.6","18.3"
"Azerbaijan"," 2015","70.7","67.9","73.4","16.6","15.1","17.9"
"Azerbaijan"," 2010","69.0","66.3","71.8","16.4","15.0","17.6"
"Azerbaijan"," 2000","65.5","62.6","68.5","16.6","15.1","17.9"
"Bahamas"," 2019","73.2","69.9","76.6","20.8","19.1","22.4"
"Bahamas"," 2015","72.9","69.7","76.1","20.9","19.3","22.3"
"Bahamas"," 2010","73.0","69.6","76.3","20.7","19.0","22.2"
"Bahamas"," 2000","70.9","67.6","74.2","19.9","18.3","21.4"
"Bahrain"," 2019","75.8","75.0","77.0","19.0","18.7","19.4"
"Bahrain"," 2015","76.5","75.9","77.3","19.7","19.4","20.0"
"Bahrain"," 2010","74.5","73.8","75.3","17.8","17.4","18.3"
"Bahrain"," 2000","70.5","69.5","71.8","15.0","14.5","15.6"
"Bangladesh"," 2019","74.3","73.0","75.6","20.9","20.3","21.5"
"Bangladesh"," 2015","73.6","72.5","74.8","20.9","20.5","21.4"
"Bangladesh"," 2010","70.3","68.6","72.2","19.0","18.1","20.1"
"Bangladesh"," 2000","65.6","64.1","67.4","17.8","17.1","18.7"
"Barbados"," 2019","76.0","74.3","77.7","20.9","19.9","21.8"
"Barbados"," 2015","76.2","75.0","77.4","21.4","21.0","21.7"
"Barbados"," 2010","75.9","74.5","77.2","21.3","20.8","21.7"
"Barbados"," 2000","74.5","72.1","76.7","20.7","19.7","21.5"
"Belarus"," 2019","74.8","69.7","79.6","19.7","16.0","22.5"
"Belarus"," 2015","73.8","68.6","78.8","19.2","15.7","21.9"
"Belarus"," 2010","70.4","64.5","76.4","17.7","14.1","20.5"
"Belarus"," 2000","68.8","63.3","74.6","17.2","14.1","19.4"
"Belgium"," 2019","81.4","79.3","83.5","24.0","22.3","25.6"
"Belgium"," 2015","80.7","78.5","82.9","23.6","21.8","25.2"
"Belgium"," 2010","79.8","77.2","82.4","23.1","21.1","24.9"
"Belgium"," 2000","77.7","74.5","80.7","21.6","19.3","23.7"
"Belize"," 2019","74.4","71.4","77.8","21.5","20.3","22.9"
"Belize"," 2015","74.0","71.1","77.3","21.5","20.4","22.8"
"Belize"," 2010","73.4","70.9","76.1","21.3","20.6","22.2"
"Belize"," 2000","70.3","67.2","74.0","18.7","17.0","20.7"
"Benin"," 2019","63.4","61.2","65.7","17.4","16.1","18.5"
"Benin"," 2015","62.0","59.7","64.2","17.0","15.6","18.2"
"Benin"," 2010","60.5","58.0","62.9","16.7","15.2","18.0"
"Benin"," 2000","56.6","54.3","58.8","16.1","14.5","17.4"
"Bhutan"," 2019","73.1","72.0","74.4","19.4","18.9","19.9"
"Bhutan"," 2015","72.2","71.1","73.5","19.2","18.7","19.7"
"Bhutan"," 2010","71.0","69.9","72.3","18.9","18.4","19.5"
"Bhutan"," 2000","65.7","64.9","66.6","17.9","17.7","18.2"
"Bolivia (Plurinational State of)"," 2019","72.1","71.1","73.1","18.6","18.0","19.1"
"Bolivia (Plurinational State of)"," 2015","71.5","70.6","72.5","18.5","18.1","18.9"
"Bolivia (Plurinational State of)"," 2010","70.3","69.4","71.2","18.5","18.2","18.9"
"Bolivia (Plurinational State of)"," 2000","66.0","64.8","67.2","17.8","17.2","18.4"
"Bosnia and Herzegovina"," 2019","76.8","74.4","79.1","20.2","18.6","21.6"
"Bosnia and Herzegovina"," 2015","76.3","73.9","78.6","19.8","18.3","21.3"
"Bosnia and Herzegovina"," 2010","76.2","73.8","78.5","19.7","18.2","21.0"
"Bosnia and Herzegovina"," 2000","75.4","72.6","78.0","19.6","17.7","21.1"
"Botswana"," 2019","62.2","58.9","65.5","16.2","14.2","18.0"
"Botswana"," 2015","60.9","57.8","63.9","15.9","13.9","17.6"
"Botswana"," 2010","58.1","55.1","61.4","15.3","13.1","17.3"
"Botswana"," 2000","45.6","43.9","47.8","12.9","10.4","15.8"
"Brazil"," 2019","75.9","72.4","79.4","21.9","20.1","23.5"
"Brazil"," 2015","75.1","71.7","78.6","21.4","19.7","23.0"
"Brazil"," 2010","74.1","70.6","77.7","20.8","19.0","22.4"
"Brazil"," 2000","71.5","67.9","75.2","19.7","18.0","21.3"
"Brunei Darussalam"," 2019","74.3","73.4","75.4","19.2","19.0","19.4"
"Brunei Darussalam"," 2015","74.4","73.4","75.5","19.0","18.7","19.4"
"Brunei Darussalam"," 2010","74.6","73.3","75.8","19.0","18.4","19.6"
"Brunei Darussalam"," 2000","72.2","70.9","73.7","16.8","16.2","17.4"
"Bulgaria"," 2019","75.1","71.6","78.6","19.8","17.4","22.0"
"Bulgaria"," 2015","74.6","71.2","78.0","19.4","17.1","21.5"
"Bulgaria"," 2010","73.6","70.2","77.2","18.9","16.7","20.9"
"Bulgaria"," 2000","71.6","68.4","75.0","17.6","15.9","19.2"
"Burkina Faso"," 2019","62.7","60.1","65.2","16.8","15.2","18.1"
"Burkina Faso"," 2015","60.9","58.2","63.4","16.4","14.8","17.8"
"Burkina Faso"," 2010","58.6","56.2","60.8","16.2","14.5","17.4"
"Burkina Faso"," 2000","51.6","49.9","53.1","15.5","14.1","16.6"
"Burundi"," 2019","63.8","61.5","66.1","16.5","15.2","17.6"
"Burundi"," 2015","62.0","59.8","64.3","16.2","14.9","17.4"
"Burundi"," 2010","58.6","56.9","60.3","15.6","14.2","16.8"
"Burundi"," 2000","43.8","41.8","45.9","13.0","11.8","14.0"
"Cabo Verde"," 2019","74.0","69.9","77.9","19.7","16.8","21.8"
"Cabo Verde"," 2015","74.9","72.2","77.6","21.7","21.0","22.1"
"Cabo Verde"," 2010","74.1","70.8","77.3","22.1","20.8","22.9"
"Cabo Verde"," 2000","71.0","66.9","74.6","20.4","18.2","22.3"
"Cambodia"," 2019","70.1","67.2","72.7","17.7","15.9","19.1"
"Cambodia"," 2015","69.2","66.2","71.9","17.6","15.8","18.9"
"Cambodia"," 2010","67.2","64.2","70.0","17.2","15.5","18.6"
"Cambodia"," 2000","58.7","56.0","61.2","15.8","14.4","17.1"
"Cameroon"," 2019","62.4","60.3","64.5","17.1","15.8","18.3"
"Cameroon"," 2015","59.1","57.3","61.0","16.4","15.0","17.7"
"Cameroon"," 2010","56.6","55.1","58.1","15.9","14.4","17.3"
"Cameroon"," 2000","52.8","51.3","54.4","15.1","13.7","16.4"
"Canada"," 2019","82.2","80.4","84.1","25.2","23.8","26.4"
"Canada"," 2015","81.8","79.9","83.6","24.7","23.3","26.0"
"Canada"," 2010","81.3","79.3","83.3","24.4","22.8","25.7"
"Canada"," 2000","79.1","76.5","81.5","22.5","20.5","24.3"
"Central African Republic"," 2019","53.1","50.2","56.3","13.2","11.3","14.9"
"Central African Republic"," 2015","50.5","48.2","53.0","12.8","11.0","14.4"
"Central African Republic"," 2010","48.5","46.7","50.4","12.5","10.7","14.2"
"Central African Republic"," 2000","44.3","43.2","45.5","11.8","10.1","13.4"
"Chad"," 2019","59.6","58.0","61.3","16.5","15.7","17.3"
"Chad"," 2015","57.9","56.2","59.6","16.2","15.2","17.1"
"Chad"," 2010","55.7","53.9","57.4","15.6","14.6","16.6"
"Chad"," 2000","51.1","49.3","53.0","14.9","13.8","16.1"
"Chile"," 2019","80.7","78.1","83.2","24.3","22.4","25.9"
"Chile"," 2015","79.8","77.0","82.5","23.6","21.6","25.3"
"Chile"," 2010","78.5","75.5","81.3","22.5","20.4","24.2"
"Chile"," 2000","76.8","73.6","79.8","21.3","19.2","23.1"
"China"," 2019","77.4","74.7","80.5","21.1","19.2","23.1"
"China"," 2015","76.6","73.9","79.9","20.6","18.6","22.7"
"China"," 2010","74.9","72.3","77.9","19.6","17.9","21.5"
"China"," 2000","71.6","69.3","74.2","18.4","16.9","20.1"
"Colombia"," 2019","79.3","76.7","81.9","24.0","22.5","25.3"
"Colombia"," 2015","78.4","75.6","81.0","23.4","22.0","24.7"
"Colombia"," 2010","77.1","74.0","80.1","23.0","21.6","24.3"
"Colombia"," 2000","73.7","69.7","77.8","21.7","20.3","23.1"
"Comoros"," 2019","67.4","65.9","68.9","18.1","17.4","18.8"
"Comoros"," 2015","66.5","65.1","67.8","17.9","17.2","18.5"
"Comoros"," 2010","65.0","63.6","66.4","17.6","16.9","18.2"
"Comoros"," 2000","61.5","60.2","62.9","16.3","15.6","17.0"
"Congo"," 2019","64.7","63.8","65.6","16.4","15.7","17.1"
"Congo"," 2015","63.1","62.6","63.6","16.1","15.5","16.6"
"Congo"," 2010","61.0","61.0","60.8","15.7","15.2","16.1"
"Congo"," 2000","52.1","51.5","52.6","13.9","12.8","14.7"
"Costa Rica"," 2019","80.8","78.3","83.4","25.0","23.6","26.4"
"Costa Rica"," 2015","80.8","78.2","83.5","24.9","23.3","26.4"
"Costa Rica"," 2010","79.6","77.0","82.2","24.0","22.5","25.4"
"Costa Rica"," 2000","78.0","75.5","80.6","22.4","20.8","24.0"
"Côte d'Ivoire"," 2019","62.9","60.5","65.8","17.1","15.8","18.7"
"Côte d'Ivoire"," 2015","60.2","58.0","63.0","16.4","15.1","18.1"
"Côte d'Ivoire"," 2010","56.6","54.8","58.9","15.6","14.3","17.5"
"Côte d'Ivoire"," 2000","50.3","48.9","52.3","14.5","12.9","16.8"
"Croatia"," 2019","78.6","75.5","81.6","21.8","19.4","23.7"
"Croatia"," 2015","77.6","74.3","80.7","21.0","18.6","23.2"
"Croatia"," 2010","76.7","73.4","79.9","20.4","18.1","22.4"
"Croatia"," 2000","74.4","70.7","77.9","19.0","16.7","20.9"
"Cuba"," 2019","77.8","75.4","80.3","21.6","20.0","23.2"
"Cuba"," 2015","77.9","75.7","80.2","21.8","20.3","23.2"
"Cuba"," 2010","77.7","75.5","79.8","21.5","20.1","22.9"
"Cuba"," 2000","76.8","74.6","79.0","21.6","20.2","23.0"
"Cyprus"," 2019","83.1","81.1","85.1","24.9","23.3","26.4"
"Cyprus"," 2015","82.0","79.9","84.1","24.2","22.6","25.6"
"Cyprus"," 2010","81.0","78.9","83.1","23.5","22.2","24.8"
"Cyprus"," 2000","78.7","76.5","81.0","21.9","20.4","23.2"
"Czechia"," 2019","79.1","76.3","81.9","22.1","19.9","24.0"
"Czechia"," 2015","78.5","75.6","81.3","21.5","19.3","23.4"
"Czechia"," 2010","77.6","74.4","80.7","21.0","18.8","23.0"
"Czechia"," 2000","75.0","71.5","78.3","19.3","17.0","21.3"
"Democratic People's Republic of Korea"," 2019","72.6","69.3","75.7","19.1","16.8","20.8"
"Democratic People's Republic of Korea"," 2015","71.8","68.4","74.8","18.6","16.3","20.2"
"Democratic People's Republic of Korea"," 2010","70.2","66.9","73.1","18.0","15.8","19.5"
"Democratic People's Republic of Korea"," 2000","64.0","60.8","66.8","15.5","13.5","16.8"
"Democratic Republic of the Congo"," 2019","62.4","60.0","64.8","16.6","15.4","17.9"
"Democratic Republic of the Congo"," 2015","60.4","58.3","62.7","16.2","14.9","17.5"
"Democratic Republic of the Congo"," 2010","57.5","55.6","59.4","15.5","14.1","16.8"
"Democratic Republic of the Congo"," 2000","52.4","50.5","54.5","14.9","13.3","16.4"
"Denmark"," 2019","81.3","79.6","83.0","23.6","22.3","24.9"
"Denmark"," 2015","80.6","78.8","82.4","23.2","21.8","24.5"
"Denmark"," 2010","79.2","77.2","81.1","22.2","20.8","23.5"
"Denmark"," 2000","76.9","74.7","79.1","20.6","19.0","22.1"
"Djibouti"," 2019","65.8","64.1","67.8","17.8","16.6","19.0"
"Djibouti"," 2015","64.6","62.8","66.6","17.5","16.3","18.7"
"Djibouti"," 2010","61.9","60.6","63.3","17.1","15.8","18.4"
"Djibouti"," 2000","59.8","57.9","62.0","16.3","14.9","17.7"
"Dominican Republic"," 2019","72.8","69.8","76.2","20.6","19.0","22.4"
"Dominican Republic"," 2015","71.8","68.6","75.2","20.2","18.6","22.0"
"Dominican Republic"," 2010","73.2","70.4","76.1","21.4","20.0","22.9"
"Dominican Republic"," 2000","73.2","70.2","76.7","22.4","20.7","24.4"
"Ecuador"," 2019","78.4","76.4","80.5","23.2","22.0","24.3"
"Ecuador"," 2015","77.2","74.9","79.5","22.5","21.4","23.6"
"Ecuador"," 2010","75.0","72.3","77.9","21.6","20.4","22.8"
"Ecuador"," 2000","74.5","71.9","77.3","21.9","20.8","23.1"
"Egypt"," 2019","71.8","69.6","74.1","17.8","16.5","19.1"
"Egypt"," 2015","70.5","68.2","72.9","17.0","15.7","18.3"
"Egypt"," 2010","70.2","67.8","72.7","17.7","16.3","19.1"
"Egypt"," 2000","69.8","67.3","72.4","18.5","16.8","20.0"
"El Salvador"," 2019","75.0","70.6","79.1","22.1","20.4","23.6"
"El Salvador"," 2015","73.2","68.1","78.0","21.8","20.4","22.9"
"El Salvador"," 2010","74.5","70.6","78.0","22.1","21.0","23.0"
"El Salvador"," 2000","72.5","68.4","76.5","21.4","20.2","22.6"
"Equatorial Guinea"," 2019","62.2","60.9","63.6","17.6","16.5","18.8"
"Equatorial Guinea"," 2015","61.1","60.3","61.8","17.7","16.8","18.7"
"Equatorial Guinea"," 2010","59.7","59.8","59.1","17.6","17.0","18.3"
"Equatorial Guinea"," 2000","54.3","52.4","56.5","15.5","14.0","17.1"
"Eritrea"," 2019","64.1","61.3","67.1","15.5","14.1","16.8"
"Eritrea"," 2015","62.3","59.4","65.4","15.1","13.6","16.6"
"Eritrea"," 2010","60.7","57.8","64.0","14.5","12.9","16.2"
"Eritrea"," 2000","54.5","51.2","58.5","13.5","11.7","15.6"
"Estonia"," 2019","78.9","74.7","82.6","22.5","19.3","25.0"
"Estonia"," 2015","77.6","73.0","81.7","21.9","18.6","24.3"
"Estonia"," 2010","75.9","70.9","80.4","20.8","17.3","23.2"
"Estonia"," 2000","70.9","65.6","76.2","18.6","15.4","20.9"
"Eswatini"," 2019","57.7","53.4","63.2","15.1","12.4","17.7"
"Eswatini"," 2015","54.0","50.3","58.7","14.6","11.9","17.1"
"Eswatini"," 2010","47.4","44.9","50.8","13.3","10.8","15.7"
"Eswatini"," 2000","47.0","44.8","49.4","13.6","11.2","15.9"
"Ethiopia"," 2019","68.7","66.9","70.5","18.4","17.4","19.4"
"Ethiopia"," 2015","66.8","65.0","68.6","18.1","17.0","19.1"
"Ethiopia"," 2010","62.9","61.3","64.5","17.3","16.3","18.3"
"Ethiopia"," 2000","50.6","49.5","51.7","14.1","13.4","14.9"
"Fiji"," 2019","68.0","65.9","70.3","16.2","14.9","17.5"
"Fiji"," 2015","67.8","65.8","70.1","16.0","14.8","17.2"
"Fiji"," 2010","67.6","65.9","69.5","15.8","14.8","16.8"
"Fiji"," 2000","65.9","63.7","68.4","14.7","13.3","16.3"
"Finland"," 2019","81.6","79.2","84.0","24.2","22.4","25.8"
"Finland"," 2015","81.2","78.5","83.9","23.9","21.9","25.7"
"Finland"," 2010","79.9","76.7","83.0","23.3","21.0","25.3"
"Finland"," 2000","77.6","74.1","80.9","21.6","19.2","23.6"
"France"," 2019","82.5","79.8","85.1","25.3","23.3","27.2"
"France"," 2015","81.9","79.0","84.7","25.0","22.9","26.9"
"France"," 2010","81.2","78.0","84.3","24.7","22.3","26.8"
"France"," 2000","78.9","75.2","82.5","23.0","20.4","25.3"
"Gabon"," 2019","66.5","63.6","69.7","17.2","15.2","19.3"
"Gabon"," 2015","64.9","62.1","68.1","16.9","14.9","19.0"
"Gabon"," 2010","62.2","60.1","64.3","16.4","14.4","18.2"
"Gabon"," 2000","58.1","56.1","60.1","15.2","13.4","17.0"
"Gambia"," 2019","65.5","63.4","67.7","16.9","15.8","18.0"
"Gambia"," 2015","64.1","62.2","66.3","16.7","15.6","17.9"
"Gambia"," 2010","62.4","60.6","64.5","16.5","15.3","17.7"
"Gambia"," 2000","59.2","57.2","61.6","16.2","14.9","17.7"
"Georgia"," 2019","73.3","68.8","77.8","18.8","16.0","21.0"
"Georgia"," 2015","72.6","68.2","76.9","18.4","16.0","20.5"
"Georgia"," 2010","71.9","67.4","76.3","18.2","15.9","20.1"
"Georgia"," 2000","69.4","65.6","73.1","17.0","15.2","18.4"
"Germany"," 2019","81.7","78.7","84.8","24.4","21.9","26.9"
"Germany"," 2015","80.4","78.1","82.7","23.2","21.5","24.8"
"Germany"," 2010","80.2","77.8","82.5","23.2","21.4","24.8"
"Germany"," 2000","78.1","75.0","80.9","21.8","19.5","23.6"
"Ghana"," 2019","66.3","63.7","69.2","17.2","15.7","18.9"
"Ghana"," 2015","64.5","62.0","67.4","16.8","15.1","18.6"
"Ghana"," 2010","62.0","59.7","64.5","16.2","14.6","17.9"
"Ghana"," 2000","59.2","57.7","60.8","16.0","14.8","17.3"
"Greece"," 2019","81.1","78.6","83.6","23.8","22.1","25.5"
"Greece"," 2015","80.4","77.8","82.9","23.5","21.7","25.1"
"Greece"," 2010","80.1","77.5","82.7","23.3","21.7","24.8"
"Greece"," 2000","78.2","75.5","80.9","21.5","19.9","23.1"
"Grenada"," 2019","72.9","70.6","75.3","18.7","17.2","20.3"
"Grenada"," 2015","72.7","70.4","75.1","18.9","17.3","20.4"
"Grenada"," 2010","72.0","69.2","75.5","17.7","15.6","20.5"
"Grenada"," 2000","72.0","68.6","76.0","17.9","15.1","21.0"
"Guatemala"," 2019","72.0","69.0","75.0","20.5","19.4","21.4"
"Guatemala"," 2015","70.9","67.8","74.0","19.9","18.8","20.8"
"Guatemala"," 2010","69.3","65.8","72.8","19.6","18.6","20.5"
"Guatemala"," 2000","66.8","63.3","70.3","19.1","18.1","20.1"
"Guinea"," 2019","61.0","59.5","62.3","16.5","15.6","17.2"
"Guinea"," 2015","58.8","57.3","60.1","15.9","14.8","16.6"
"Guinea"," 2010","58.1","56.6","59.3","15.8","14.7","16.6"
"Guinea"," 2000","54.3","53.1","55.3","15.7","15.0","16.3"
"Guinea-Bissau"," 2019","60.2","57.4","63.0","15.5","13.9","16.7"
"Guinea-Bissau"," 2015","58.2","55.5","60.8","15.0","13.4","16.3"
"Guinea-Bissau"," 2010","55.4","53.0","57.7","14.6","12.9","16.0"
"Guinea-Bissau"," 2000","50.3","47.8","52.8","13.8","12.1","15.4"
"Guyana"," 2019","65.7","62.5","69.4","16.6","15.1","18.1"
"Guyana"," 2015","65.6","62.3","69.2","16.6","15.2","18.0"
"Guyana"," 2010","64.8","61.6","68.2","16.2","14.8","17.6"
"Guyana"," 2000","63.0","59.8","66.5","15.9","14.6","17.3"
"Haiti"," 2019","64.1","63.3","64.8","16.8","16.5","17.0"
"Haiti"," 2015","62.6","62.1","63.1","16.5","16.3","16.7"
"Haiti"," 2010","31.3","28.0","35.4","11.5","10.9","12.0"
"Haiti"," 2000","57.0","57.0","57.2","15.8","15.6","15.9"
"Honduras"," 2019","71.9","70.7","73.2","18.3","17.5","19.1"
"Honduras"," 2015","69.8","67.6","72.1","17.9","17.0","18.6"
"Honduras"," 2010","71.1","70.2","72.1","18.9","18.7","19.1"
"Honduras"," 2000","70.0","69.1","71.0","19.6","19.6","19.6"
"Hungary"," 2019","76.4","73.1","79.6","20.2","17.7","22.3"
"Hungary"," 2015","75.6","72.2","78.7","19.9","17.4","21.9"
"Hungary"," 2010","74.6","70.6","78.4","19.7","17.0","21.8"
"Hungary"," 2000","71.3","67.1","75.6","18.0","15.3","20.1"
"Iceland"," 2019","82.3","80.8","83.9","24.6","23.7","25.5"
"Iceland"," 2015","82.1","80.7","83.6","24.4","23.5","25.3"
"Iceland"," 2010","81.7","80.0","83.3","23.9","22.7","25.0"
"Iceland"," 2000","79.7","77.7","81.6","22.6","21.2","24.0"
"India"," 2019","70.8","69.5","72.2","18.8","18.1","19.5"
"India"," 2015","69.3","68.1","70.6","18.5","17.7","19.3"
"India"," 2010","67.2","65.7","68.9","18.0","16.9","19.0"
"India"," 2000","62.1","61.3","62.9","16.1","15.4","16.8"
"Indonesia"," 2019","71.3","69.4","73.3","17.9","16.7","19.1"
"Indonesia"," 2015","70.6","68.8","72.5","17.7","16.5","18.8"
"Indonesia"," 2010","69.3","67.5","71.0","17.5","16.4","18.4"
"Indonesia"," 2000","67.2","65.8","68.6","17.6","16.8","18.2"
"Iran (Islamic Republic of)"," 2019","77.3","75.7","79.1","21.8","21.2","22.5"
"Iran (Islamic Republic of)"," 2015","76.7","75.0","78.5","21.6","20.9","22.3"
"Iran (Islamic Republic of)"," 2010","75.9","73.9","78.0","21.4","20.6","22.3"
"Iran (Islamic Republic of)"," 2000","72.6","70.7","74.6","19.7","19.0","20.5"
"Iraq"," 2019","72.4","69.9","75.0","19.2","17.6","20.7"
"Iraq"," 2015","70.3","67.3","73.4","19.2","17.9","20.5"
"Iraq"," 2010","70.2","67.8","72.8","18.8","17.5","20.0"
"Iraq"," 2000","68.8","66.4","71.3","18.3","17.0","19.6"
"Ireland"," 2019","81.8","80.2","83.5","24.2","23.0","25.3"
"Ireland"," 2015","81.1","79.3","82.9","23.7","22.3","24.9"
"Ireland"," 2010","80.4","78.3","82.4","23.2","21.7","24.6"
"Ireland"," 2000","76.4","73.8","79.0","20.2","18.3","21.9"
"Israel"," 2019","82.6","80.8","84.4","24.9","23.6","26.0"
"Israel"," 2015","81.9","80.0","83.8","24.3","22.9","25.6"
"Israel"," 2010","81.6","79.6","83.3","24.2","22.8","25.3"
"Israel"," 2000","78.6","76.4","80.7","21.9","20.6","23.1"
"Italy"," 2019","83.0","80.9","84.9","25.0","23.4","26.5"
"Italy"," 2015","82.2","80.0","84.3","24.5","22.7","26.0"
"Italy"," 2010","81.9","79.4","84.2","24.4","22.4","26.1"
"Italy"," 2000","79.4","76.4","82.1","22.5","20.3","24.5"
"Jamaica"," 2019","76.0","74.4","77.7","21.3","20.1","22.6"
"Jamaica"," 2015","75.9","74.1","77.7","21.4","19.9","23.0"
"Jamaica"," 2010","75.8","73.3","78.5","21.6","19.7","23.8"
"Jamaica"," 2000","74.2","72.0","76.5","21.0","19.7","22.3"
"Japan"," 2019","84.3","81.5","86.9","26.3","23.9","28.6"
"Japan"," 2015","83.6","80.7","86.4","25.9","23.4","28.1"
"Japan"," 2010","82.7","79.5","85.8","25.3","22.6","27.7"
"Japan"," 2000","81.1","77.7","84.4","24.1","21.3","26.6"
"Jordan"," 2019","77.9","77.0","78.8","21.8","21.6","22.1"
"Jordan"," 2015","77.8","77.0","78.8","21.8","21.5","22.1"
"Jordan"," 2010","76.6","75.6","77.6","21.0","20.5","21.4"
"Jordan"," 2000","72.6","73.1","72.5","18.6","19.5","17.9"
"Kazakhstan"," 2019","74.0","70.0","77.6","19.5","16.8","21.4"
"Kazakhstan"," 2015","71.9","67.4","76.2","18.6","15.9","20.6"
"Kazakhstan"," 2010","68.4","63.6","73.4","17.2","14.6","19.2"
"Kazakhstan"," 2000","63.1","57.6","69.2","15.3","12.3","17.8"
"Kenya"," 2019","66.1","63.7","68.4","17.6","16.0","19.1"
"Kenya"," 2015","64.2","61.7","66.6","17.3","15.6","18.8"
"Kenya"," 2010","61.2","59.2","63.1","16.8","14.9","18.5"
"Kenya"," 2000","53.9","52.8","54.9","16.3","14.5","18.1"
"Kiribati"," 2019","59.4","56.1","62.8","13.7","12.5","14.6"
"Kiribati"," 2015","58.2","55.1","61.4","13.5","12.3","14.4"
"Kiribati"," 2010","58.0","54.8","61.4","13.2","12.0","14.2"
"Kiribati"," 2000","55.7","52.3","59.4","12.6","11.3","13.7"
"Kuwait"," 2019","81.0","79.3","83.9","24.0","22.8","25.9"
"Kuwait"," 2015","81.1","79.5","83.8","24.2","23.2","25.9"
"Kuwait"," 2010","79.8","78.8","81.4","23.2","22.7","24.0"
"Kuwait"," 2000","77.9","76.4","80.1","22.2","21.2","23.5"
"Kyrgyzstan"," 2019","74.2","70.7","77.3","20.0","17.8","21.7"
"Kyrgyzstan"," 2015","71.6","67.9","75.3","18.4","16.3","20.2"
"Kyrgyzstan"," 2010","69.2","65.2","73.3","17.6","15.5","19.3"
"Kyrgyzstan"," 2000","66.0","61.9","70.2","16.7","14.9","18.3"
"Lao People's Democratic Republic"," 2019","68.5","66.2","70.9","17.6","16.3","18.9"
"Lao People's Democratic Republic"," 2015","67.1","64.7","69.6","17.5","16.2","18.7"
"Lao People's Democratic Republic"," 2010","64.9","62.4","67.4","16.9","15.5","18.1"
"Lao People's Democratic Republic"," 2000","58.4","56.3","60.6","15.3","14.0","16.5"
"Latvia"," 2019","75.4","70.6","79.8","20.5","17.2","23.0"
"Latvia"," 2015","74.8","69.9","79.3","20.4","17.1","22.7"
"Latvia"," 2010","72.9","67.8","77.8","19.2","15.8","21.7"
"Latvia"," 2000","70.2","64.6","75.6","18.3","15.1","20.6"
"Lebanon"," 2019","76.4","74.0","79.2","20.5","18.8","22.4"
"Lebanon"," 2015","76.0","73.5","78.8","20.1","18.3","22.1"
"Lebanon"," 2010","75.5","73.3","78.1","19.9","18.3","21.7"
"Lebanon"," 2000","74.6","73.0","76.1","19.8","18.9","20.7"
"Lesotho"," 2019","50.7","47.7","54.2","13.4","11.2","15.2"
"Lesotho"," 2015","47.7","45.1","50.6","12.7","10.7","14.4"
"Lesotho"," 2010","47.4","44.5","50.7","12.8","10.6","14.7"
"Lesotho"," 2000","47.8","45.5","50.7","13.9","11.0","16.7"
"Liberia"," 2019","64.1","63.2","65.0","17.7","17.4","18.0"
"Liberia"," 2015","61.2","60.6","61.7","17.1","16.8","17.3"
"Liberia"," 2010","60.7","60.1","61.3","16.7","16.3","17.0"
"Liberia"," 2000","53.8","52.9","54.7","15.8","15.3","16.2"
"Libya"," 2019","75.8","74.2","77.3","21.3","20.5","21.9"
"Libya"," 2015","74.6","72.4","76.9","21.3","20.7","21.9"
"Libya"," 2010","76.0","74.8","77.3","21.5","21.0","22.0"
"Libya"," 2000","74.4","72.7","76.3","21.0","20.0","22.0"
"Lithuania"," 2019","76.0","71.2","80.4","20.9","17.6","23.5"
"Lithuania"," 2015","74.4","69.1","79.5","20.3","16.9","22.9"
"Lithuania"," 2010","73.1","67.5","78.7","19.9","16.4","22.5"
"Lithuania"," 2000","72.0","66.7","77.2","19.5","16.4","21.7"
"Luxembourg"," 2019","82.4","80.6","84.2","24.4","22.9","25.8"
"Luxembourg"," 2015","82.3","80.3","84.3","24.4","22.8","25.9"
"Luxembourg"," 2010","80.9","78.6","83.1","23.5","21.6","25.1"
"Luxembourg"," 2000","78.2","75.1","81.1","21.8","19.4","23.7"
"Madagascar"," 2019","65.3","64.1","66.6","16.8","16.1","17.3"
"Madagascar"," 2015","64.2","62.9","65.5","16.5","15.8","17.2"
"Madagascar"," 2010","62.8","61.4","64.2","16.1","15.3","16.9"
"Madagascar"," 2000","58.8","57.5","60.2","15.4","14.6","16.2"
"Malawi"," 2019","65.6","62.3","68.9","17.2","15.1","19.0"
"Malawi"," 2015","63.0","59.7","66.5","16.9","14.6","18.8"
"Malawi"," 2010","56.8","54.4","59.2","16.0","13.7","18.0"
"Malawi"," 2000","44.7","44.0","45.6","14.0","12.2","15.8"
"Malaysia"," 2019","74.7","72.6","77.1","19.5","18.5","20.6"
"Malaysia"," 2015","75.0","73.0","77.1","19.9","19.1","20.7"
"Malaysia"," 2010","74.3","72.2","76.5","19.2","18.3","20.1"
"Malaysia"," 2000","72.8","70.6","75.3","18.1","17.0","19.2"
"Maldives"," 2019","79.6","78.6","80.8","22.1","21.4","23.1"
"Maldives"," 2015","78.4","77.6","79.5","21.3","20.8","21.9"
"Maldives"," 2010","77.0","76.0","78.2","20.3","19.7","21.0"
"Maldives"," 2000","71.0","70.4","71.5","18.0","18.1","17.8"
"Mali"," 2019","62.8","62.2","63.4","17.5","17.3","17.6"
"Mali"," 2015","60.9","60.4","61.4","17.1","16.9","17.2"
"Mali"," 2010","59.0","58.6","59.5","16.8","16.7","17.0"
"Mali"," 2000","52.6","52.6","52.7","16.0","16.2","15.9"
"Malta"," 2019","81.9","79.9","83.8","24.5","23.0","25.9"
"Malta"," 2015","81.6","79.6","83.6","24.2","22.7","25.6"
"Malta"," 2010","80.4","78.2","82.5","23.2","21.5","24.7"
"Malta"," 2000","77.9","75.5","80.1","20.8","19.0","22.4"
"Mauritania"," 2019","68.4","68.1","68.7","19.0","19.1","18.9"
"Mauritania"," 2015","67.4","67.2","67.7","18.8","19.0","18.7"
"Mauritania"," 2010","65.6","65.4","65.9","18.5","18.7","18.3"
"Mauritania"," 2000","62.0","61.8","62.2","17.1","17.2","17.0"
"Mauritius"," 2019","74.1","71.0","77.3","20.3","18.5","22.0"
"Mauritius"," 2015","74.1","71.0","77.4","20.2","18.2","21.9"
"Mauritius"," 2010","73.2","69.8","76.8","19.4","17.4","21.2"
"Mauritius"," 2000","71.2","67.7","74.8","17.8","15.8","19.7"
"Mexico"," 2019","76.0","73.1","78.9","21.8","20.5","23.1"
"Mexico"," 2015","75.9","73.1","78.6","21.7","20.4","22.9"
"Mexico"," 2010","75.1","72.2","78.0","21.5","20.3","22.7"
"Mexico"," 2000","74.4","71.7","77.1","21.6","20.3","22.7"
"Micronesia (Federated States of)"," 2019","63.0","60.3","66.0","14.7","13.8","15.6"
"Micronesia (Federated States of)"," 2015","62.7","60.1","65.7","14.8","14.0","15.6"
"Micronesia (Federated States of)"," 2010","62.7","60.0","65.6","14.9","14.1","15.6"
"Micronesia (Federated States of)"," 2000","61.2","58.5","64.2","14.6","13.7","15.5"
"Mongolia"," 2019","68.1","63.8","72.8","16.4","14.2","18.5"
"Mongolia"," 2015","67.6","63.4","72.1","16.5","14.5","18.4"
"Mongolia"," 2010","65.1","61.1","69.5","15.1","13.3","16.9"
"Mongolia"," 2000","60.5","57.3","64.1","13.4","12.0","14.9"
"Montenegro"," 2019","75.9","73.2","78.7","19.4","17.4","21.3"
"Montenegro"," 2015","75.3","72.8","77.7","19.0","17.2","20.6"
"Montenegro"," 2010","74.7","72.3","77.1","19.0","17.5","20.3"
"Montenegro"," 2000","73.6","70.9","76.3","19.2","17.7","20.6"
"Morocco"," 2019","73.0","71.7","74.3","18.7","17.7","19.6"
"Morocco"," 2015","72.5","71.4","73.6","18.5","17.9","19.2"
"Morocco"," 2010","71.6","71.1","72.3","18.7","18.9","18.8"
"Morocco"," 2000","69.3","68.1","70.6","18.4","17.8","18.9"
"Mozambique"," 2019","58.1","54.5","61.7","15.8","13.3","17.8"
"Mozambique"," 2015","55.9","52.4","59.4","15.3","12.7","17.5"
"Mozambique"," 2010","53.5","50.7","56.3","15.1","12.5","17.4"
"Mozambique"," 2000","50.7","48.4","53.1","15.2","13.1","17.2"
"Myanmar"," 2019","69.1","65.9","72.2","18.1","16.2","19.6"
"Myanmar"," 2015","67.6","64.3","70.7","17.7","15.8","19.3"
"Myanmar"," 2010","64.8","61.6","67.9","17.0","15.1","18.6"
"Myanmar"," 2000","60.0","57.3","62.7","15.4","13.8","16.9"
"Namibia"," 2019","64.6","60.6","68.4","17.2","14.7","19.3"
"Namibia"," 2015","62.9","59.4","66.2","17.0","14.5","19.1"
"Namibia"," 2010","60.9","57.3","64.7","16.4","13.9","18.8"
"Namibia"," 2000","53.3","51.0","55.5","14.6","12.7","16.3"
"Nepal"," 2019","70.9","68.9","72.7","18.0","16.8","19.2"
"Nepal"," 2015","69.4","67.3","71.4","17.8","16.7","18.9"
"Nepal"," 2010","69.2","67.5","70.9","18.1","17.2","19.0"
"Nepal"," 2000","65.3","63.9","66.6","17.6","16.7","18.3"
"Netherlands"," 2019","81.8","80.4","83.1","24.1","23.0","25.1"
"Netherlands"," 2015","81.3","79.7","82.8","23.6","22.3","24.9"
"Netherlands"," 2010","80.7","78.7","82.5","23.3","21.6","24.8"
"Netherlands"," 2000","78.0","75.5","80.4","21.3","19.1","23.2"
"New Zealand"," 2019","82.0","80.4","83.5","24.8","23.8","25.8"
"New Zealand"," 2015","81.3","79.7","82.9","24.3","23.2","25.3"
"New Zealand"," 2010","80.9","79.1","82.7","24.2","23.0","25.4"
"New Zealand"," 2000","78.6","76.0","81.1","22.4","20.5","24.1"
"Nicaragua"," 2019","75.0","72.1","77.9","20.0","18.0","21.9"
"Nicaragua"," 2015","74.6","71.8","77.3","19.9","18.2","21.5"
"Nicaragua"," 2010","74.1","71.4","76.7","19.6","18.0","21.1"
"Nicaragua"," 2000","73.3","70.8","75.7","20.1","18.6","21.3"
"Niger"," 2019","63.3","62.1","64.6","17.2","16.6","17.8"
"Niger"," 2015","61.5","60.3","62.9","16.8","16.2","17.5"
"Niger"," 2010","59.0","57.8","60.2","16.6","15.9","17.2"
"Niger"," 2000","50.4","49.7","51.0","15.8","15.3","16.2"
"Nigeria"," 2019","62.6","61.2","64.1","18.2","17.6","18.9"
"Nigeria"," 2015","61.2","59.6","62.8","17.8","17.1","18.5"
"Nigeria"," 2010","59.2","57.8","60.8","17.3","16.5","18.0"
"Nigeria"," 2000","53.6","52.2","55.2","16.2","15.4","17.0"
"Norway"," 2019","82.6","81.1","84.1","24.7","23.5","25.8"
"Norway"," 2015","82.0","80.3","83.7","24.2","22.8","25.4"
"Norway"," 2010","80.9","78.8","82.9","23.5","21.9","25.0"
"Norway"," 2000","78.5","75.9","81.2","22.0","20.0","23.7"
"Oman"," 2019","73.9","73.0","75.3","17.8","17.2","18.5"
"Oman"," 2015","72.5","71.4","74.1","16.7","16.0","17.5"
"Oman"," 2010","70.4","69.0","72.5","15.9","15.2","16.8"
"Oman"," 2000","69.1","67.3","71.5","15.6","14.7","16.6"
"Pakistan"," 2019","65.6","64.6","66.7","17.3","16.8","17.8"
"Pakistan"," 2015","64.2","63.1","65.4","16.8","16.3","17.4"
"Pakistan"," 2010","62.6","61.5","63.9","16.4","15.8","17.1"
"Pakistan"," 2000","60.1","59.3","61.0","15.7","15.2","16.4"
"Panama"," 2019","79.3","76.6","82.1","24.3","22.6","26.0"
"Panama"," 2015","78.7","76.2","81.4","24.0","22.6","25.4"
"Panama"," 2010","77.5","74.6","80.6","23.3","21.7","25.0"
"Panama"," 2000","77.2","74.6","80.1","23.3","21.8","24.9"
"Papua New Guinea"," 2019","65.3","63.4","67.4","16.5","15.4","17.6"
"Papua New Guinea"," 2015","64.5","62.6","66.5","16.3","15.2","17.5"
"Papua New Guinea"," 2010","63.4","61.5","65.4","16.1","14.9","17.2"
"Papua New Guinea"," 2000","63.3","61.1","65.6","16.4","15.0","17.6"
"Paraguay"," 2019","75.8","73.1","78.8","21.8","20.2","23.5"
"Paraguay"," 2015","75.6","72.8","78.6","21.8","20.2","23.5"
"Paraguay"," 2010","75.0","72.5","77.7","21.6","20.2","23.0"
"Paraguay"," 2000","74.8","72.6","77.1","22.0","20.7","23.3"
"Peru"," 2019","79.9","78.5","81.3","24.4","23.7","25.1"
"Peru"," 2015","79.1","77.6","80.6","24.0","23.3","24.7"
"Peru"," 2010","77.3","75.6","78.9","23.0","22.2","23.8"
"Peru"," 2000","74.4","72.9","75.9","22.3","21.6","22.9"
"Philippines"," 2019","70.4","67.4","73.6","17.8","15.8","19.6"
"Philippines"," 2015","70.3","67.1","73.7","17.8","15.8","19.7"
"Philippines"," 2010","70.0","66.6","73.5","18.0","16.0","19.9"
"Philippines"," 2000","69.0","65.5","72.9","17.6","15.5","19.7"
"Poland"," 2019","78.3","74.5","81.9","22.1","19.5","24.3"
"Poland"," 2015","77.3","73.4","81.1","21.5","18.8","23.7"
"Poland"," 2010","76.3","72.1","80.4","21.0","18.2","23.3"
"Poland"," 2000","73.7","69.5","77.9","19.2","16.5","21.4"
"Portugal"," 2019","81.6","78.6","84.4","24.3","22.1","26.3"
"Portugal"," 2015","80.9","77.9","83.7","23.8","21.7","25.6"
"Portugal"," 2010","79.7","76.6","82.7","23.1","20.9","25.0"
"Portugal"," 2000","76.6","73.1","80.1","21.2","19.1","23.1"
"Qatar"," 2019","77.2","78.0","76.6","19.5","20.6","18.4"
"Qatar"," 2015","76.4","77.2","75.9","19.0","20.1","17.9"
"Qatar"," 2010","74.1","75.0","73.9","17.3","18.7","16.1"
"Qatar"," 2000","71.3","71.1","71.7","15.9","16.4","15.2"
"Republic of Korea"," 2019","83.3","80.3","86.1","25.8","23.4","27.9"
"Republic of Korea"," 2015","82.2","79.0","85.1","24.8","22.3","26.9"
"Republic of Korea"," 2010","80.6","77.1","83.8","23.7","21.1","25.9"
"Republic of Korea"," 2000","76.2","72.5","79.8","20.7","18.1","22.7"
"Republic of Moldova"," 2019","73.3","69.3","77.1","19.0","16.6","20.9"
"Republic of Moldova"," 2015","71.1","67.2","75.0","17.8","15.6","19.5"
"Republic of Moldova"," 2010","68.8","64.6","73.1","16.5","14.5","18.2"
"Republic of Moldova"," 2000","66.9","63.1","70.5","15.8","14.0","17.2"
"North Macedonia"," 2019","74.8","72.8","76.9","18.3","17.0","19.6"
"North Macedonia"," 2015","73.7","71.7","75.9","17.9","16.6","19.2"
"North Macedonia"," 2010","73.1","70.9","75.4","17.5","16.1","18.7"
"North Macedonia"," 2000","71.1","68.9","73.5","16.4","15.2","17.7"
"Romania"," 2019","75.6","72.0","79.3","20.3","17.8","22.4"
"Romania"," 2015","74.8","71.3","78.4","19.9","17.6","21.9"
"Romania"," 2010","73.7","70.1","77.4","19.2","17.1","21.1"
"Romania"," 2000","71.4","68.0","74.9","18.2","16.4","19.7"
"Russian Federation"," 2019","73.2","68.2","78.0","19.9","16.8","22.2"
"Russian Federation"," 2015","71.3","65.8","76.6","19.1","15.9","21.4"
"Russian Federation"," 2010","68.8","62.9","74.7","17.8","14.5","20.2"
"Russian Federation"," 2000","65.3","59.0","72.3","16.4","13.3","18.7"
"Rwanda"," 2019","69.1","66.9","71.2","18.0","16.6","19.2"
"Rwanda"," 2015","67.7","65.5","69.8","17.9","16.5","19.1"
"Rwanda"," 2010","64.4","62.3","66.5","17.4","15.9","18.6"
"Rwanda"," 2000","47.5","45.9","49.2","13.4","11.8","15.0"
"Saint Lucia"," 2019","74.3","71.3","77.7","20.9","19.2","22.9"
"Saint Lucia"," 2015","75.0","71.8","78.5","21.7","19.8","23.8"
"Saint Lucia"," 2010","75.2","71.9","78.9","22.0","19.9","24.3"
"Saint Lucia"," 2000","73.2","70.3","76.3","20.0","18.5","21.7"
"Saint Vincent and the Grenadines"," 2019","73.2","71.3","75.3","20.9","20.2","21.6"
"Saint Vincent and the Grenadines"," 2015","72.5","70.3","74.9","20.1","19.2","21.0"
"Saint Vincent and the Grenadines"," 2010","72.9","70.9","75.0","19.8","19.0","20.7"
"Saint Vincent and the Grenadines"," 2000","70.6","68.5","72.8","18.5","17.5","19.5"
"Samoa"," 2019","70.5","69.2","71.8","17.9","17.4","18.3"
"Samoa"," 2015","70.0","68.7","71.5","17.7","17.1","18.2"
"Samoa"," 2010","69.6","68.1","71.2","17.5","16.8","18.1"
"Samoa"," 2000","68.5","66.5","70.8","17.1","16.1","18.0"
"Sao Tome and Principe"," 2019","70.4","68.8","72.0","17.7","16.7","18.6"
"Sao Tome and Principe"," 2015","69.6","68.0","71.1","17.6","16.7","18.4"
"Sao Tome and Principe"," 2010","68.2","66.9","69.5","17.5","16.7","18.1"
"Sao Tome and Principe"," 2000","63.5","62.5","64.3","17.1","16.6","17.5"
"Saudi Arabia"," 2019","74.3","73.1","76.1","19.9","19.3","20.8"
"Saudi Arabia"," 2015","73.2","71.7","75.2","19.2","18.4","20.3"
"Saudi Arabia"," 2010","71.8","70.4","73.7","18.3","17.4","19.3"
"Saudi Arabia"," 2000","70.5","69.6","71.6","17.5","16.9","18.2"
"Senegal"," 2019","68.6","66.8","70.1","18.1","17.2","18.9"
"Senegal"," 2015","67.2","65.5","68.8","17.8","16.8","18.7"
"Senegal"," 2010","65.5","63.7","67.2","17.6","16.5","18.5"
"Senegal"," 2000","58.6","56.9","60.3","16.6","15.5","17.6"
"Serbia"," 2019","75.9","73.5","78.3","19.6","17.9","21.1"
"Serbia"," 2015","75.2","72.7","77.8","19.2","17.6","20.7"
"Serbia"," 2010","74.2","71.6","76.8","18.6","17.1","20.0"
"Serbia"," 2000","71.4","68.7","74.3","17.1","15.7","18.4"
"Seychelles"," 2019","73.3","70.0","77.1","19.5","17.5","21.5"
"Seychelles"," 2015","73.2","70.0","76.8","19.5","17.6","21.4"
"Seychelles"," 2010","73.0","69.6","76.8","19.3","17.1","21.4"
"Seychelles"," 2000","71.9","67.8","76.3","19.0","16.6","21.1"
"Sierra Leone"," 2019","60.8","59.6","61.9","17.0","16.4","17.4"
"Sierra Leone"," 2015","56.9","55.9","57.9","16.4","15.8","16.8"
"Sierra Leone"," 2010","54.7","53.7","55.8","15.7","15.0","16.3"
"Sierra Leone"," 2000","48.7","46.8","50.7","15.4","14.3","16.3"
"Singapore"," 2019","83.2","81.0","85.5","25.5","23.8","27.2"
"Singapore"," 2015","82.8","80.7","84.9","25.1","23.3","26.7"
"Singapore"," 2010","81.7","79.4","84.0","24.1","22.2","25.8"
"Singapore"," 2000","78.4","76.2","80.7","21.5","19.7","23.1"
"Slovakia"," 2019","78.2","74.8","81.4","21.8","19.3","23.9"
"Slovakia"," 2015","77.0","73.5","80.4","21.0","18.4","23.0"
"Slovakia"," 2010","75.5","71.7","79.1","19.8","17.2","21.9"
"Slovakia"," 2000","73.3","69.2","77.4","18.5","15.9","20.7"
"Slovenia"," 2019","81.3","78.6","84.1","23.8","21.8","25.6"
"Slovenia"," 2015","80.5","77.6","83.3","23.3","21.1","25.2"
"Slovenia"," 2010","79.6","76.2","82.7","22.8","20.3","24.8"
"Slovenia"," 2000","76.1","72.2","79.7","20.5","17.7","22.7"
"Solomon Islands"," 2019","65.2","62.9","67.9","15.5","14.7","16.3"
"Solomon Islands"," 2015","64.7","62.3","67.4","15.3","14.5","16.1"
"Solomon Islands"," 2010","63.7","61.3","66.4","14.9","14.1","15.7"
"Solomon Islands"," 2000","62.5","60.1","65.2","14.4","13.7","15.3"
"Somalia"," 2019","56.5","54.0","59.2","14.5","13.2","16.0"
"Somalia"," 2015","54.6","52.2","57.3","14.2","12.8","15.8"
"Somalia"," 2010","52.0","49.5","54.9","13.7","12.2","15.4"
"Somalia"," 2000","49.9","47.6","52.6","13.1","11.6","14.7"
"South Africa"," 2019","65.3","62.2","68.3","19.1","17.3","20.5"
"South Africa"," 2015","62.6","59.8","65.3","17.7","15.9","19.1"
"South Africa"," 2010","57.1","55.0","59.2","16.9","15.1","18.5"
"South Africa"," 2000","55.8","53.1","58.6","16.2","14.4","18.0"
"South Sudan"," 2019","62.8","60.8","64.8","17.8","16.6","18.9"
"South Sudan"," 2015","62.0","59.8","64.3","17.4","16.2","18.7"
"South Sudan"," 2010","61.1","59.2","63.1","17.2","15.9","18.5"
"South Sudan"," 2000","54.1","52.1","56.4","16.3","15.0","17.7"
"Spain"," 2019","83.2","80.7","85.7","25.4","23.3","27.3"
"Spain"," 2015","82.3","79.7","84.9","24.7","22.6","26.7"
"Spain"," 2010","81.7","78.8","84.6","24.4","22.2","26.5"
"Spain"," 2000","79.1","75.7","82.5","22.7","20.3","24.8"
"Sri Lanka"," 2019","76.9","73.8","79.8","20.8","18.6","22.6"
"Sri Lanka"," 2015","76.3","73.0","79.4","20.7","18.6","22.6"
"Sri Lanka"," 2010","73.3","69.4","77.3","20.0","18.1","21.8"
"Sri Lanka"," 2000","71.9","67.9","76.3","19.6","18.1","21.2"
"Sudan"," 2019","69.1","67.6","70.8","18.6","17.8","19.4"
"Sudan"," 2015","67.9","66.2","69.7","18.5","17.7","19.3"
"Sudan"," 2010","66.6","64.7","68.4","18.2","17.3","19.1"
"Sudan"," 2000","62.5","60.4","64.7","17.3","16.2","18.3"
"Suriname"," 2019","71.5","68.5","74.6","18.5","16.4","20.5"
"Suriname"," 2015","72.6","69.5","75.8","19.8","17.8","21.8"
"Suriname"," 2010","71.8","68.7","75.1","19.9","18.0","21.5"
"Suriname"," 2000","69.9","67.1","73.0","18.9","17.4","20.5"
"Sweden"," 2019","82.4","80.8","84.0","24.5","23.3","25.6"
"Sweden"," 2015","81.7","80.0","83.5","24.0","22.7","25.3"
"Sweden"," 2010","81.3","79.4","83.1","23.7","22.2","25.0"
"Sweden"," 2000","79.6","77.3","81.8","22.4","20.6","24.1"
"Switzerland"," 2019","83.4","81.8","85.1","25.4","24.1","26.6"
"Switzerland"," 2015","82.6","80.6","84.5","24.8","23.3","26.2"
"Switzerland"," 2010","82.2","80.0","84.2","24.6","22.9","26.2"
"Switzerland"," 2000","79.7","76.9","82.3","23.0","20.8","24.8"
"Syrian Arab Republic"," 2019","72.7","71.2","74.3","18.7","18.2","19.3"
"Syrian Arab Republic"," 2015","64.4","60.9","68.4","16.2","15.5","17.0"
"Syrian Arab Republic"," 2010","74.3","73.2","75.6","19.2","18.9","19.6"
"Syrian Arab Republic"," 2000","71.5","70.4","72.7","17.6","17.4","18.0"
"Tajikistan"," 2019","69.5","67.6","71.5","16.1","15.1","17.2"
"Tajikistan"," 2015","68.7","66.7","70.8","15.5","14.5","16.7"
"Tajikistan"," 2010","68.0","66.0","70.2","15.6","14.7","16.6"
"Tajikistan"," 2000","65.6","63.5","67.8","17.2","16.4","18.0"
"Thailand"," 2019","77.7","74.4","81.0","23.6","22.1","24.8"
"Thailand"," 2015","77.4","74.1","80.7","23.5","22.2","24.7"
"Thailand"," 2010","76.3","73.2","79.3","22.8","21.7","23.8"
"Thailand"," 2000","71.3","67.5","75.2","20.8","19.3","22.1"
"Timor-Leste"," 2019","69.6","67.9","71.4","17.9","16.9","18.9"
"Timor-Leste"," 2015","68.9","67.3","70.5","18.0","17.2","18.8"
"Timor-Leste"," 2010","68.1","66.8","69.4","18.3","17.7","18.8"
"Timor-Leste"," 2000","62.7","61.9","63.4","17.9","17.7","18.0"
"Togo"," 2019","64.3","61.5","67.2","17.0","15.4","18.6"
"Togo"," 2015","61.9","59.2","64.8","16.5","14.8","18.3"
"Togo"," 2010","59.3","57.0","61.8","15.9","14.2","17.8"
"Togo"," 2000","55.9","53.9","58.1","15.7","14.0","17.4"
"Tonga"," 2019","72.6","69.8","75.6","19.0","17.0","21.2"
"Tonga"," 2015","72.3","69.4","75.5","18.9","16.8","21.1"
"Tonga"," 2010","72.2","69.1","75.5","18.9","16.7","21.2"
"Tonga"," 2000","70.9","68.0","74.2","18.0","15.5","20.8"
"Trinidad and Tobago"," 2019","76.1","72.5","79.9","22.7","20.4","25.0"
"Trinidad and Tobago"," 2015","74.6","71.1","78.3","21.6","19.4","23.7"
"Trinidad and Tobago"," 2010","72.1","68.7","75.7","19.6","17.6","21.5"
"Trinidad and Tobago"," 2000","69.7","66.9","72.6","18.1","16.4","19.8"
"Tunisia"," 2019","77.0","74.9","79.2","21.5","20.2","22.8"
"Tunisia"," 2015","76.7","74.6","78.8","21.2","19.9","22.5"
"Tunisia"," 2010","76.0","73.9","78.2","20.9","19.6","22.1"
"Tunisia"," 2000","74.1","71.9","76.5","20.1","18.9","21.5"
"Türkiye"," 2019","78.6","76.4","80.7","22.0","20.6","23.2"
"Türkiye"," 2015","77.8","75.4","80.1","21.5","19.9","22.9"
"Türkiye"," 2010","76.9","74.6","79.1","21.2","19.8","22.6"
"Türkiye"," 2000","74.4","71.9","76.8","21.5","20.1","22.7"
"Turkmenistan"," 2019","69.7","66.5","73.0","18.7","17.1","20.1"
"Turkmenistan"," 2015","69.1","65.7","72.6","18.0","16.3","19.6"
"Turkmenistan"," 2010","67.3","63.6","71.1","17.2","15.3","18.8"
"Turkmenistan"," 2000","63.3","59.3","67.4","16.3","14.4","17.8"
"Uganda"," 2019","66.7","63.2","70.1","17.7","15.7","19.4"
"Uganda"," 2015","64.5","60.8","68.1","17.4","15.2","19.2"
"Uganda"," 2010","59.7","57.0","62.2","16.7","14.4","18.7"
"Uganda"," 2000","48.8","46.8","50.8","14.7","12.5","16.6"
"Ukraine"," 2019","73.0","68.0","77.8","19.5","16.4","21.7"
"Ukraine"," 2015","72.2","67.2","77.0","18.9","15.9","21.1"
"Ukraine"," 2010","70.2","65.2","75.1","17.7","14.9","19.8"
"Ukraine"," 2000","67.5","62.1","73.2","16.8","14.0","18.8"
"United Arab Emirates"," 2019","76.1","75.1","78.4","19.9","19.2","21.7"
"United Arab Emirates"," 2015","75.3","74.3","77.8","19.4","18.6","21.3"
"United Arab Emirates"," 2010","74.9","73.9","77.4","19.5","18.8","21.2"
"United Arab Emirates"," 2000","73.2","72.2","75.1","18.7","18.0","19.8"
"United Kingdom of Great Britain and Northern Ireland"," 2019","81.4","79.8","83.0","24.1","23.0","25.2"
"United Kingdom of Great Britain and Northern Ireland"," 2015","80.7","78.9","82.3","23.5","22.3","24.6"
"United Kingdom of Great Britain and Northern Ireland"," 2010","80.2","78.3","82.1","23.4","22.0","24.6"
"United Kingdom of Great Britain and Northern Ireland"," 2000","77.9","75.5","80.1","21.3","19.5","22.9"
"United Republic of Tanzania"," 2019","67.3","65.4","69.3","18.2","17.1","19.1"
"United Republic of Tanzania"," 2015","65.4","63.4","67.3","17.8","16.7","18.7"
"United Republic of Tanzania"," 2010","61.4","60.0","62.6","17.3","16.0","18.3"
"United Republic of Tanzania"," 2000","52.5","51.3","53.6","16.0","14.3","17.4"
"United States of America"," 2019","78.5","76.3","80.7","23.1","21.8","24.4"
"United States of America"," 2015","78.6","76.3","80.8","23.1","21.7","24.4"
"United States of America"," 2010","78.6","76.3","80.8","23.0","21.5","24.2"
"United States of America"," 2000","76.7","74.1","79.2","21.4","19.8","22.8"
"Uruguay"," 2019","77.1","73.5","80.6","21.7","19.0","24.0"
"Uruguay"," 2015","77.0","73.3","80.6","21.8","19.0","24.1"
"Uruguay"," 2010","76.4","72.5","80.0","21.2","18.4","23.7"
"Uruguay"," 2000","74.8","70.8","78.8","20.6","17.7","23.1"
"Uzbekistan"," 2019","73.0","70.8","75.2","18.6","17.3","19.8"
"Uzbekistan"," 2015","71.4","69.0","73.9","17.8","16.4","19.0"
"Uzbekistan"," 2010","70.2","67.5","72.9","17.3","15.7","18.7"
"Uzbekistan"," 2000","65.3","62.4","68.2","16.0","14.8","17.1"
"Vanuatu"," 2019","65.3","62.7","68.3","15.7","14.8","16.7"
"Vanuatu"," 2015","64.6","62.0","67.7","15.5","14.7","16.5"
"Vanuatu"," 2010","64.5","61.9","67.5","15.3","14.5","16.4"
"Vanuatu"," 2000","63.9","61.4","66.9","15.0","14.2","16.0"
"Venezuela (Bolivarian Republic of)"," 2019","73.9","69.9","78.2","21.7","19.7","23.6"
"Venezuela (Bolivarian Republic of)"," 2015","74.7","70.6","79.0","21.8","19.9","23.7"
"Venezuela (Bolivarian Republic of)"," 2010","74.8","70.8","79.0","21.9","20.0","23.6"
"Venezuela (Bolivarian Republic of)"," 2000","74.1","70.5","77.9","21.3","19.6","22.9"
"Viet Nam"," 2019","73.7","69.6","78.1","19.6","16.9","22.0"
"Viet Nam"," 2015","73.2","68.9","77.6","19.4","16.7","21.8"
"Viet Nam"," 2010","72.7","68.4","77.1","19.2","16.5","21.5"
"Viet Nam"," 2000","71.4","67.3","75.6","18.9","16.4","21.0"
"Yemen"," 2019","66.6","64.4","68.9","17.8","16.8","18.7"
"Yemen"," 2015","67.5","65.4","69.6","18.0","17.0","18.9"
"Yemen"," 2010","67.7","65.9","69.6","17.8","16.8","18.7"
"Yemen"," 2000","62.7","60.9","64.7","16.8","15.7","17.9"
"Zambia"," 2019","62.5","59.5","65.4","16.5","14.7","18.0"
"Zambia"," 2015","60.5","57.9","63.0","16.1","14.3","17.7"
"Zambia"," 2010","56.7","54.3","59.1","15.4","13.4","17.1"
"Zambia"," 2000","44.5","43.7","45.2","13.2","11.6","14.7"
"Zimbabwe"," 2019","60.7","57.5","63.6","15.6","13.6","17.0"
"Zimbabwe"," 2015","58.5","55.7","61.0","15.1","13.2","16.5"
"Zimbabwe"," 2010","51.5","49.6","53.2","14.1","12.4","15.4"
"Zimbabwe"," 2000","46.6","45.1","48.1","14.4","11.7","17.1"
